bytes_in,bytes_out,total_bytes,bytes_out_in_ratio,creation_time_dt,end_time_dt,src_ip,is_repeated_src_ip_flag,src_ip_country_code,event_time_dt,attack_hour
5602,12990,18592,2.318814709,2024-04-25 23:00:00,2024-04-25 23:10:00,147.161.161.82,1,AE,2024-04-25 23:00:00,23
30912,18186,49098,0.588315217,2024-04-25 23:00:00,2024-04-25 23:10:00,165.225.33.6,1,US,2024-04-25 23:00:00,23
28506,13468,41974,0.472461938,2024-04-25 23:00:00,2024-04-25 23:10:00,165.225.212.255,1,CA,2024-04-25 23:00:00,23
30546,14278,44824,0.467426177,2024-04-25 23:00:00,2024-04-25 23:10:00,136.226.64.114,1,US,2024-04-25 23:00:00,23
6526,13892,20418,2.128715906,2024-04-25 23:00:00,2024-04-25 23:10:00,165.225.240.79,1,NL,2024-04-25 23:00:00,23
3906,3488,7394,0.892985151,2024-04-25 23:00:00,2024-04-25 23:10:00,136.226.77.103,1,CA,2024-04-25 23:00:00,23
17748,29208,46956,1.645706558,2024-04-25 23:00:00,2024-04-25 23:10:00,165.225.26.101,1,DE,2024-04-25 23:00:00,23
4767917,291520,5059437,0.061142004,2024-04-25 23:00:00,2024-04-25 23:10:00,155.91.45.242,1,US,2024-04-25 23:00:00,23
10538,15514,26052,1.472195863,2024-04-25 23:00:00,2024-04-25 23:10:00,165.225.209.4,1,CA,2024-04-25 23:00:00,23
9656,6380,16036,0.66072908,2024-04-25 23:00:00,2024-04-25 23:10:00,147.161.131.1,1,AT,2024-04-25 23:00:00,23
57208,32874,90082,0.574639911,2024-04-25 23:10:00,2024-04-25 23:20:00,165.225.33.6,1,US,2024-04-25 23:10:00,23
18162,30492,48654,1.67888999,2024-04-25 23:10:00,2024-04-25 23:20:00,136.226.67.101,1,US,2024-04-25 23:10:00,23
28056,4832,32888,0.172226975,2024-04-25 23:10:00,2024-04-25 23:20:00,165.225.212.255,1,CA,2024-04-25 23:10:00,23
73752,18924,92676,0.256589652,2024-04-25 23:10:00,2024-04-25 23:20:00,136.226.64.114,1,US,2024-04-25 23:10:00,23
4080,11282,15362,2.765196078,2024-04-25 23:10:00,2024-04-25 23:20:00,94.188.248.74,1,IL,2024-04-25 23:10:00,23
1968903,38773,2007676,0.019692692,2024-04-25 23:10:00,2024-04-25 23:20:00,165.225.240.79,1,NL,2024-04-25 23:10:00,23
6958,12854,19812,1.847369934,2024-04-25 23:10:00,2024-04-25 23:20:00,136.226.77.103,1,CA,2024-04-25 23:10:00,23
8310,6276,14586,0.755234657,2024-04-25 23:10:00,2024-04-25 23:20:00,165.225.26.101,1,DE,2024-04-25 23:10:00,23
4804723,291088,5095811,0.060583721,2024-04-25 23:10:00,2024-04-25 23:20:00,155.91.45.242,1,US,2024-04-25 23:10:00,23
11820,24620,36440,2.082910321,2024-04-25 23:10:00,2024-04-25 23:20:00,165.225.209.4,1,CA,2024-04-25 23:10:00,23
8206,6068,14274,0.739458932,2024-04-25 23:10:00,2024-04-25 23:20:00,147.161.131.1,1,AT,2024-04-25 23:10:00,23
29356,17408,46764,0.592996321,2024-04-25 23:20:00,2024-04-25 23:30:00,165.225.33.6,1,US,2024-04-25 23:20:00,23
26178,33801,59979,1.291198716,2024-04-25 23:20:00,2024-04-25 23:30:00,136.226.67.101,1,US,2024-04-25 23:20:00,23
29308,15652,44960,0.534052136,2024-04-25 23:20:00,2024-04-25 23:30:00,165.225.213.7,1,CA,2024-04-25 23:20:00,23
60068,12628,72696,0.210228408,2024-04-25 23:20:00,2024-04-25 23:30:00,136.226.64.114,1,US,2024-04-25 23:20:00,23
4043,7629,11672,1.886965125,2024-04-25 23:20:00,2024-04-25 23:30:00,165.225.240.79,1,NL,2024-04-25 23:20:00,23
3102,11038,14140,3.558349452,2024-04-25 23:20:00,2024-04-25 23:30:00,165.225.8.79,1,US,2024-04-25 23:20:00,23
8310,6070,14380,0.730445247,2024-04-25 23:20:00,2024-04-25 23:30:00,165.225.26.101,1,DE,2024-04-25 23:20:00,23
5528,12010,17538,2.172575977,2024-04-25 23:20:00,2024-04-25 23:30:00,165.225.209.4,1,CA,2024-04-25 23:20:00,23
4926,11570,16496,2.348761673,2024-04-25 23:20:00,2024-04-25 23:30:00,147.161.131.1,1,AT,2024-04-25 23:20:00,23
7724,6288,14012,0.814085966,2024-04-25 23:20:00,2024-04-25 23:30:00,136.226.80.97,1,US,2024-04-25 23:20:00,23
80,528,608,6.6,2024-04-25 23:20:00,2024-04-25 23:30:00,192.241.230.19,1,US,2024-04-25 23:20:00,23
23048,24124,47172,1.046685179,2024-04-25 23:30:00,2024-04-25 23:40:00,136.226.67.101,1,US,2024-04-25 23:30:00,23
28444,13468,41912,0.473491773,2024-04-25 23:30:00,2024-04-25 23:40:00,165.225.212.255,1,CA,2024-04-25 23:30:00,23
5824,11568,17392,1.986263736,2024-04-25 23:30:00,2024-04-25 23:40:00,136.226.77.103,1,CA,2024-04-25 23:30:00,23
10474,23244,33718,2.219209471,2024-04-25 23:30:00,2024-04-25 23:40:00,165.225.26.101,1,DE,2024-04-25 23:30:00,23
4190330,283456,4473786,0.067645269,2024-04-25 23:30:00,2024-04-25 23:40:00,155.91.45.242,1,US,2024-04-25 23:30:00,23
5080,11512,16592,2.266141732,2024-04-25 23:30:00,2024-04-25 23:40:00,165.225.209.4,1,CA,2024-04-25 23:30:00,23
4220,11672,15892,2.765876777,2024-04-25 23:30:00,2024-04-25 23:40:00,136.226.80.97,1,US,2024-04-25 23:30:00,23
952,668,1620,0.701680672,2024-04-25 23:30:00,2024-04-25 23:40:00,192.241.230.19,1,US,2024-04-25 23:30:00,23
36745,28952,65697,0.787916723,2024-04-25 23:40:00,2024-04-25 23:50:00,165.225.33.6,1,US,2024-04-25 23:40:00,23
12068,25589,37657,2.120401061,2024-04-25 23:40:00,2024-04-25 23:50:00,136.226.67.101,1,US,2024-04-25 23:40:00,23
57462,20222,77684,0.351919529,2024-04-25 23:40:00,2024-04-25 23:50:00,165.225.212.255,1,CA,2024-04-25 23:40:00,23
2015975,79990,2095965,0.039678071,2024-04-25 23:40:00,2024-04-25 23:50:00,165.225.240.79,1,NL,2024-04-25 23:40:00,23
4064,11384,15448,2.801181102,2024-04-25 23:40:00,2024-04-25 23:50:00,94.188.248.74,1,IL,2024-04-25 23:40:00,23
33268,9986,43254,0.30016833,2024-04-25 23:40:00,2024-04-25 23:50:00,136.226.77.103,1,CA,2024-04-25 23:40:00,23
7424,14656,22080,1.974137931,2024-04-25 23:40:00,2024-04-25 23:50:00,165.225.26.101,1,DE,2024-04-25 23:40:00,23
4758826,289956,5048782,0.060930154,2024-04-25 23:40:00,2024-04-25 23:50:00,155.91.45.242,1,US,2024-04-25 23:40:00,23
17736,36370,54106,2.050631484,2024-04-25 23:40:00,2024-04-25 23:50:00,165.225.209.4,1,CA,2024-04-25 23:40:00,23
60686,35910,96596,0.591734502,2024-04-25 23:50:00,2024-04-26 00:00:00,165.225.33.6,1,US,2024-04-25 23:50:00,23
21698,21218,42916,0.977878145,2024-04-25 23:50:00,2024-04-26 00:00:00,136.226.67.101,1,US,2024-04-25 23:50:00,23
28296,7230,35526,0.255513147,2024-04-25 23:50:00,2024-04-26 00:00:00,165.225.213.7,1,CA,2024-04-25 23:50:00,23
4721,8322,13043,1.762762127,2024-04-25 23:50:00,2024-04-26 00:00:00,165.225.240.79,1,NL,2024-04-25 23:50:00,23
9968,6646,16614,0.666733547,2024-04-25 23:50:00,2024-04-26 00:00:00,165.225.26.101,1,DE,2024-04-25 23:50:00,23
4791678,291275,5082953,0.060787682,2024-04-25 23:50:00,2024-04-26 00:00:00,155.91.45.242,1,US,2024-04-25 23:50:00,23
10768,7248,18016,0.673105498,2024-04-25 23:50:00,2024-04-26 00:00:00,165.225.209.4,1,CA,2024-04-25 23:50:00,23
3996,11776,15772,2.946946947,2024-04-25 23:50:00,2024-04-26 00:00:00,147.161.131.1,1,AT,2024-04-25 23:50:00,23
4220,11570,15790,2.741706161,2024-04-25 23:50:00,2024-04-26 00:00:00,136.226.80.97,1,US,2024-04-25 23:50:00,23
26354,13404,39758,0.508613493,2024-04-26 00:00:00,2024-04-26 00:10:00,147.161.161.82,1,AE,2024-04-26 00:00:00,0
33777,20132,53909,0.596026882,2024-04-26 00:00:00,2024-04-26 00:10:00,165.225.33.6,1,US,2024-04-26 00:00:00,0
28762,43272,72034,1.504485084,2024-04-26 00:00:00,2024-04-26 00:10:00,136.226.67.101,1,US,2024-04-26 00:00:00,0
28478,13260,41738,0.465622586,2024-04-26 00:00:00,2024-04-26 00:10:00,165.225.212.255,1,CA,2024-04-26 00:00:00,0
4288,11490,15778,2.679570896,2024-04-26 00:00:00,2024-04-26 00:10:00,94.188.248.74,1,IL,2024-04-26 00:00:00,0
8874,14968,23842,1.686725265,2024-04-26 00:00:00,2024-04-26 00:10:00,165.225.26.101,1,DE,2024-04-26 00:00:00,0
4793434,292176,5085610,0.060953379,2024-04-26 00:00:00,2024-04-26 00:10:00,155.91.45.242,1,US,2024-04-26 00:00:00,0
16948,20348,37296,1.200613642,2024-04-26 00:00:00,2024-04-26 00:10:00,165.225.209.4,1,CA,2024-04-26 00:00:00,0
5810,13090,18900,2.253012048,2024-04-26 00:10:00,2024-04-26 00:20:00,147.161.161.82,1,AE,2024-04-26 00:10:00,0
28730,28386,57116,0.988026453,2024-04-26 00:10:00,2024-04-26 00:20:00,136.226.67.101,1,US,2024-04-26 00:10:00,0
29002,15654,44656,0.539755879,2024-04-26 00:10:00,2024-04-26 00:20:00,165.225.213.7,1,CA,2024-04-26 00:10:00,0
44270,21924,66194,0.495233793,2024-04-26 00:10:00,2024-04-26 00:20:00,136.226.64.114,1,US,2024-04-26 00:10:00,0
2019990,55292,2075282,0.027372413,2024-04-26 00:10:00,2024-04-26 00:20:00,165.225.240.79,1,NL,2024-04-26 00:10:00,0
3498,2800,6298,0.800457404,2024-04-26 00:10:00,2024-04-26 00:20:00,94.188.248.74,1,IL,2024-04-26 00:10:00,0
16698,26610,43308,1.593604024,2024-04-26 00:10:00,2024-04-26 00:20:00,165.225.26.101,1,DE,2024-04-26 00:10:00,0
4794053,290955,5085008,0.060690818,2024-04-26 00:10:00,2024-04-26 00:20:00,155.91.45.242,1,US,2024-04-26 00:10:00,0
6606,12794,19400,1.93672419,2024-04-26 00:10:00,2024-04-26 00:20:00,165.225.209.4,1,CA,2024-04-26 00:10:00,0
9910,14760,24670,1.489404642,2024-04-26 00:10:00,2024-04-26 00:20:00,147.161.131.1,1,AT,2024-04-26 00:10:00,0
26250,13404,39654,0.510628571,2024-04-26 00:20:00,2024-04-26 00:30:00,147.161.161.82,1,AE,2024-04-26 00:20:00,0
21448,32494,53942,1.515013055,2024-04-26 00:20:00,2024-04-26 00:30:00,136.226.67.101,1,US,2024-04-26 00:20:00,0
28524,13364,41888,0.468517739,2024-04-26 00:20:00,2024-04-26 00:30:00,165.225.212.255,1,CA,2024-04-26 00:20:00,0
9600,22230,31830,2.315625,2024-04-26 00:20:00,2024-04-26 00:30:00,165.225.240.79,1,NL,2024-04-26 00:20:00,0
7786,14138,21924,1.815823273,2024-04-26 00:20:00,2024-04-26 00:30:00,94.188.248.74,1,IL,2024-04-26 00:20:00,0
33662,9572,43234,0.284356247,2024-04-26 00:20:00,2024-04-26 00:30:00,136.226.77.103,1,CA,2024-04-26 00:20:00,0
6480,11794,18274,1.820061728,2024-04-26 00:20:00,2024-04-26 00:30:00,165.225.26.101,1,DE,2024-04-26 00:20:00,0
16698,19255,35953,1.153132112,2024-04-26 00:20:00,2024-04-26 00:30:00,165.225.209.4,1,CA,2024-04-26 00:20:00,0
4018,3144,7162,0.782478845,2024-04-26 00:30:00,2024-04-26 00:40:00,147.161.161.82,1,AE,2024-04-26 00:30:00,0
38560,34470,73030,0.893931535,2024-04-26 00:30:00,2024-04-26 00:40:00,136.226.67.101,1,US,2024-04-26 00:30:00,0
57088,12210,69298,0.213880325,2024-04-26 00:30:00,2024-04-26 00:40:00,165.225.212.255,1,CA,2024-04-26 00:30:00,0
1215594,64362,1279956,0.052946954,2024-04-26 00:30:00,2024-04-26 00:40:00,165.225.240.79,1,NL,2024-04-26 00:30:00,0
3514,2648,6162,0.7535572,2024-04-26 00:30:00,2024-04-26 00:40:00,94.188.248.74,1,IL,2024-04-26 00:30:00,0
13338,17636,30974,1.322237217,2024-04-26 00:30:00,2024-04-26 00:40:00,165.225.26.101,1,DE,2024-04-26 00:30:00,0
4803684,294875,5098559,0.061385179,2024-04-26 00:30:00,2024-04-26 00:40:00,155.91.45.242,1,US,2024-04-26 00:30:00,0
13132,18249,31381,1.389658849,2024-04-26 00:30:00,2024-04-26 00:40:00,165.225.209.4,1,CA,2024-04-26 00:30:00,0
5238,11674,16912,2.228713249,2024-04-26 00:30:00,2024-04-26 00:40:00,147.161.131.1,1,AT,2024-04-26 00:30:00,0
9052,5162,14214,0.570260716,2024-04-26 00:40:00,2024-04-26 00:50:00,165.225.33.6,1,US,2024-04-26 00:40:00,0
31076,39744,70820,1.278929077,2024-04-26 00:40:00,2024-04-26 00:50:00,136.226.67.101,1,US,2024-04-26 00:40:00,0
28518,13366,41884,0.468686444,2024-04-26 00:40:00,2024-04-26 00:50:00,165.225.212.255,1,CA,2024-04-26 00:40:00,0
43660,12924,56584,0.296014659,2024-04-26 00:40:00,2024-04-26 00:50:00,136.226.64.114,1,US,2024-04-26 00:40:00,0
26820,45260,72080,1.687546607,2024-04-26 00:40:00,2024-04-26 00:50:00,165.225.240.79,1,NL,2024-04-26 00:40:00,0
3206,11038,14244,3.442919526,2024-04-26 00:40:00,2024-04-26 00:50:00,165.225.8.79,1,US,2024-04-26 00:40:00,0
35894,10094,45988,0.281216916,2024-04-26 00:40:00,2024-04-26 00:50:00,136.226.77.103,1,CA,2024-04-26 00:40:00,0
9132,5756,14888,0.630310994,2024-04-26 00:40:00,2024-04-26 00:50:00,165.225.26.101,1,DE,2024-04-26 00:40:00,0
4801644,292969,5094613,0.061014311,2024-04-26 00:40:00,2024-04-26 00:50:00,155.91.45.242,1,US,2024-04-26 00:40:00,0
22790,40397,63187,1.772575691,2024-04-26 00:40:00,2024-04-26 00:50:00,165.225.209.4,1,CA,2024-04-26 00:40:00,0
29040,16476,45516,0.567355372,2024-04-26 00:50:00,2024-04-26 01:00:00,165.225.33.6,1,US,2024-04-26 00:50:00,0
27938,4626,32564,0.165580929,2024-04-26 00:50:00,2024-04-26 01:00:00,165.225.212.255,1,CA,2024-04-26 00:50:00,0
34660,10044,44704,0.289786497,2024-04-26 00:50:00,2024-04-26 01:00:00,136.226.77.103,1,CA,2024-04-26 00:50:00,0
5238,11776,17014,2.248186331,2024-04-26 00:50:00,2024-04-26 01:00:00,165.225.26.101,1,DE,2024-04-26 00:50:00,0
4809606,290761,5100367,0.060454224,2024-04-26 00:50:00,2024-04-26 01:00:00,155.91.45.242,1,US,2024-04-26 00:50:00,0
6742,13419,20161,1.990358944,2024-04-26 00:50:00,2024-04-26 01:00:00,165.225.209.4,1,CA,2024-04-26 00:50:00,0
4138,3144,7282,0.759787337,2024-04-26 01:00:00,2024-04-26 01:10:00,147.161.161.82,1,AE,2024-04-26 01:00:00,1
10262,16182,26444,1.576885597,2024-04-26 01:00:00,2024-04-26 01:10:00,136.226.67.101,1,US,2024-04-26 01:00:00,1
28048,4730,32778,0.168639475,2024-04-26 01:00:00,2024-04-26 01:10:00,165.225.212.255,1,CA,2024-04-26 01:00:00,1
4064,11386,15450,2.801673228,2024-04-26 01:00:00,2024-04-26 01:10:00,94.188.248.74,1,IL,2024-04-26 01:00:00,1
47774,23406,71180,0.489931762,2024-04-26 01:00:00,2024-04-26 01:10:00,136.226.77.103,1,CA,2024-04-26 01:00:00,1
3326,11038,14364,3.318701143,2024-04-26 01:00:00,2024-04-26 01:10:00,165.225.8.79,1,US,2024-04-26 01:00:00,1
9336,23450,32786,2.511782348,2024-04-26 01:00:00,2024-04-26 01:10:00,165.225.26.101,1,DE,2024-04-26 01:00:00,1
4827283,306181,5133464,0.063427191,2024-04-26 01:00:00,2024-04-26 01:10:00,155.91.45.242,1,US,2024-04-26 01:00:00,1
10830,23370,34200,2.157894737,2024-04-26 01:00:00,2024-04-26 01:10:00,165.225.209.4,1,CA,2024-04-26 01:00:00,1
9806,14344,24150,1.462777891,2024-04-26 01:00:00,2024-04-26 01:10:00,147.161.131.1,1,AT,2024-04-26 01:00:00,1
16062,27514,43576,1.712987175,2024-04-26 01:10:00,2024-04-26 01:20:00,136.226.67.101,1,US,2024-04-26 01:10:00,1
29010,15550,44560,0.536022061,2024-04-26 01:10:00,2024-04-26 01:20:00,165.225.213.7,1,CA,2024-04-26 01:10:00,1
3722,2694,6416,0.723804406,2024-04-26 01:10:00,2024-04-26 01:20:00,94.188.248.74,1,IL,2024-04-26 01:10:00,1
7182,12958,20140,1.804232804,2024-04-26 01:10:00,2024-04-26 01:20:00,136.226.77.103,1,CA,2024-04-26 01:10:00,1
3102,11142,14244,3.591876209,2024-04-26 01:10:00,2024-04-26 01:20:00,165.225.8.79,1,US,2024-04-26 01:10:00,1
10012,14968,24980,1.495005993,2024-04-26 01:10:00,2024-04-26 01:20:00,165.225.26.101,1,DE,2024-04-26 01:10:00,1
4776536,289969,5066505,0.060706964,2024-04-26 01:10:00,2024-04-26 01:20:00,155.91.45.242,1,US,2024-04-26 01:10:00,1
528,858,1386,1.625,2024-04-26 01:10:00,2024-04-26 01:20:00,165.225.209.4,1,CA,2024-04-26 01:10:00,1
6376,11690,18066,1.833437892,2024-04-26 01:10:00,2024-04-26 01:20:00,147.161.131.1,1,AT,2024-04-26 01:10:00,1
9620,16178,25798,1.681704782,2024-04-26 01:20:00,2024-04-26 01:30:00,147.161.161.82,1,AE,2024-04-26 01:20:00,1
24442,25574,50016,1.046313722,2024-04-26 01:20:00,2024-04-26 01:30:00,136.226.67.101,1,US,2024-04-26 01:20:00,1
29586,15754,45340,0.532481579,2024-04-26 01:20:00,2024-04-26 01:30:00,165.225.212.255,1,CA,2024-04-26 01:20:00,1
30178,14280,44458,0.473192392,2024-04-26 01:20:00,2024-04-26 01:30:00,136.226.64.114,1,US,2024-04-26 01:20:00,1
1889834,34306,1924140,0.018152917,2024-04-26 01:20:00,2024-04-26 01:30:00,165.225.240.79,1,NL,2024-04-26 01:20:00,1
5154,2878,8032,0.558401242,2024-04-26 01:20:00,2024-04-26 01:30:00,136.226.77.103,1,CA,2024-04-26 01:20:00,1
12764,26284,39048,2.059229082,2024-04-26 01:20:00,2024-04-26 01:30:00,165.225.26.101,1,DE,2024-04-26 01:20:00,1
4788904,294113,5083017,0.061415514,2024-04-26 01:20:00,2024-04-26 01:30:00,155.91.45.242,1,US,2024-04-26 01:20:00,1
22366,31577,53943,1.411830457,2024-04-26 01:20:00,2024-04-26 01:30:00,165.225.209.4,1,CA,2024-04-26 01:20:00,1
6376,11690,18066,1.833437892,2024-04-26 01:20:00,2024-04-26 01:30:00,147.161.131.1,1,AT,2024-04-26 01:20:00,1
3618,2878,6496,0.795467109,2024-04-26 01:30:00,2024-04-26 01:40:00,147.161.161.82,1,AE,2024-04-26 01:30:00,1
23680,33014,56694,1.394172297,2024-04-26 01:30:00,2024-04-26 01:40:00,136.226.67.101,1,US,2024-04-26 01:30:00,1
28388,13468,41856,0.474425814,2024-04-26 01:30:00,2024-04-26 01:40:00,165.225.212.255,1,CA,2024-04-26 01:30:00,1
43840,13960,57800,0.318430657,2024-04-26 01:30:00,2024-04-26 01:40:00,136.226.64.114,1,US,2024-04-26 01:30:00,1
1253276,46666,1299942,0.037235214,2024-04-26 01:30:00,2024-04-26 01:40:00,165.225.240.79,1,NL,2024-04-26 01:30:00,1
4080,11386,15466,2.790686275,2024-04-26 01:30:00,2024-04-26 01:40:00,94.188.248.74,1,IL,2024-04-26 01:30:00,1
3206,11038,14244,3.442919526,2024-04-26 01:30:00,2024-04-26 01:40:00,165.225.8.79,1,US,2024-04-26 01:30:00,1
14222,9362,23584,0.658275911,2024-04-26 01:30:00,2024-04-26 01:40:00,165.225.26.101,1,DE,2024-04-26 01:30:00,1
4808787,301495,5110282,0.062696684,2024-04-26 01:30:00,2024-04-26 01:40:00,155.91.45.242,1,US,2024-04-26 01:30:00,1
7294,13707,21001,1.879215794,2024-04-26 01:30:00,2024-04-26 01:40:00,165.225.209.4,1,CA,2024-04-26 01:30:00,1
5824,12018,17842,2.06353022,2024-04-26 01:40:00,2024-04-26 01:50:00,165.225.33.6,1,US,2024-04-26 01:40:00,1
5492,12046,17538,2.193372178,2024-04-26 01:40:00,2024-04-26 01:50:00,136.226.67.101,1,US,2024-04-26 01:40:00,1
28644,7330,35974,0.255900014,2024-04-26 01:40:00,2024-04-26 01:50:00,165.225.213.7,1,CA,2024-04-26 01:40:00,1
3206,11142,14348,3.475358702,2024-04-26 01:40:00,2024-04-26 01:50:00,165.225.8.79,1,US,2024-04-26 01:40:00,1
38780,18682,57462,0.481743167,2024-04-26 01:40:00,2024-04-26 01:50:00,136.226.77.103,1,CA,2024-04-26 01:40:00,1
4869181,301752,5170933,0.061971818,2024-04-26 01:40:00,2024-04-26 01:50:00,155.91.45.242,1,US,2024-04-26 01:40:00,1
6046,4544,10590,0.751571287,2024-04-26 01:40:00,2024-04-26 01:50:00,165.225.209.4,1,CA,2024-04-26 01:40:00,1
6584,11898,18482,1.807108141,2024-04-26 01:40:00,2024-04-26 01:50:00,147.161.131.1,1,AT,2024-04-26 01:40:00,1
7666,14346,22012,1.87138012,2024-04-26 01:40:00,2024-04-26 01:50:00,136.226.80.97,1,US,2024-04-26 01:40:00,1
5140,4294,9434,0.83540856,2024-04-26 01:50:00,2024-04-26 02:00:00,147.161.161.82,1,AE,2024-04-26 01:50:00,1
37105,49494,86599,1.333890311,2024-04-26 01:50:00,2024-04-26 02:00:00,136.226.67.101,1,US,2024-04-26 01:50:00,1
28896,7328,36224,0.253599114,2024-04-26 01:50:00,2024-04-26 02:00:00,165.225.213.7,1,CA,2024-04-26 01:50:00,1
8872,14760,23632,1.663660956,2024-04-26 01:50:00,2024-04-26 02:00:00,165.225.26.101,1,DE,2024-04-26 01:50:00,1
4755578,292284,5047862,0.061461299,2024-04-26 01:50:00,2024-04-26 02:00:00,155.91.45.242,1,US,2024-04-26 01:50:00,1
11358,24124,35482,2.123965487,2024-04-26 01:50:00,2024-04-26 02:00:00,165.225.209.4,1,CA,2024-04-26 01:50:00,1
4264,11882,16146,2.786585366,2024-04-26 01:50:00,2024-04-26 02:00:00,147.161.131.1,1,AT,2024-04-26 01:50:00,1
3966,3248,7214,0.81896117,2024-04-26 01:50:00,2024-04-26 02:00:00,136.226.80.97,1,US,2024-04-26 01:50:00,1
35666,39032,74698,1.094375596,2024-04-26 08:00:00,2024-04-26 08:10:00,136.226.67.101,1,US,2024-04-26 08:00:00,8
28540,7228,35768,0.253258584,2024-04-26 08:00:00,2024-04-26 08:10:00,165.225.213.7,1,CA,2024-04-26 08:00:00,8
44408,22446,66854,0.505449469,2024-04-26 08:00:00,2024-04-26 08:10:00,136.226.64.114,1,US,2024-04-26 08:00:00,8
8202,6068,14270,0.739819556,2024-04-26 08:00:00,2024-04-26 08:10:00,165.225.26.101,1,DE,2024-04-26 08:00:00,8
18201558,1170896,19372454,0.064329438,2024-04-26 08:00:00,2024-04-26 08:10:00,155.91.45.242,1,US,2024-04-26 08:00:00,8
23836,41493,65329,1.740770263,2024-04-26 08:00:00,2024-04-26 08:10:00,165.225.209.4,1,CA,2024-04-26 08:00:00,8
3862,2982,6844,0.772138788,2024-04-26 08:00:00,2024-04-26 08:10:00,136.226.80.97,1,US,2024-04-26 08:00:00,8
15978,28154,44132,1.762047816,2024-04-26 08:10:00,2024-04-26 08:20:00,136.226.67.101,1,US,2024-04-26 08:10:00,8
28042,4834,32876,0.172384281,2024-04-26 08:10:00,2024-04-26 08:20:00,165.225.212.255,1,CA,2024-04-26 08:10:00,8
3618,2648,6266,0.731896075,2024-04-26 08:10:00,2024-04-26 08:20:00,94.188.248.74,1,IL,2024-04-26 08:10:00,8
13546,17742,31288,1.309759339,2024-04-26 08:10:00,2024-04-26 08:20:00,165.225.26.101,1,DE,2024-04-26 08:10:00,8
18273120,1145109,19418229,0.06266631,2024-04-26 08:10:00,2024-04-26 08:20:00,155.91.45.242,1,US,2024-04-26 08:10:00,8
15094,10563,25657,0.699814496,2024-04-26 08:10:00,2024-04-26 08:20:00,165.225.209.4,1,CA,2024-04-26 08:10:00,8
5238,11674,16912,2.228713249,2024-04-26 08:10:00,2024-04-26 08:20:00,147.161.131.1,1,AT,2024-04-26 08:10:00,8
4480,11778,16258,2.629017857,2024-04-26 08:20:00,2024-04-26 08:30:00,147.161.161.82,1,AE,2024-04-26 08:20:00,8
30396,28830,59226,0.948480063,2024-04-26 08:20:00,2024-04-26 08:30:00,136.226.67.101,1,US,2024-04-26 08:20:00,8
28628,13570,42198,0.474011457,2024-04-26 08:20:00,2024-04-26 08:30:00,165.225.212.255,1,CA,2024-04-26 08:20:00,8
1360,436,1796,0.320588235,2024-04-26 08:20:00,2024-04-26 08:30:00,198.235.24.81,0,US,2024-04-26 08:20:00,8
3976,11282,15258,2.837525151,2024-04-26 08:20:00,2024-04-26 08:30:00,94.188.248.74,1,IL,2024-04-26 08:20:00,8
9440,23452,32892,2.484322034,2024-04-26 08:20:00,2024-04-26 08:30:00,165.225.26.101,1,DE,2024-04-26 08:20:00,8
18285525,1130944,19416469,0.06184914,2024-04-26 08:20:00,2024-04-26 08:30:00,155.91.45.242,1,US,2024-04-26 08:20:00,8
24200,41078,65278,1.697438017,2024-04-26 08:20:00,2024-04-26 08:30:00,165.225.209.4,1,CA,2024-04-26 08:20:00,8
5030,11570,16600,2.300198807,2024-04-26 08:20:00,2024-04-26 08:30:00,147.161.131.1,1,AT,2024-04-26 08:20:00,8
7204,5860,13064,0.813436979,2024-04-26 08:20:00,2024-04-26 08:30:00,136.226.80.97,1,US,2024-04-26 08:20:00,8
4168,11674,15842,2.800863724,2024-04-26 08:30:00,2024-04-26 08:40:00,147.161.161.82,1,AE,2024-04-26 08:30:00,8
37156,48239,85395,1.298282915,2024-04-26 08:30:00,2024-04-26 08:40:00,136.226.67.101,1,US,2024-04-26 08:30:00,8
27912,6080,33992,0.217827458,2024-04-26 08:30:00,2024-04-26 08:40:00,165.225.213.7,1,CA,2024-04-26 08:30:00,8
44390,22134,66524,0.498625817,2024-04-26 08:30:00,2024-04-26 08:40:00,136.226.64.114,1,US,2024-04-26 08:30:00,8
4686,11778,16464,2.513444302,2024-04-26 08:30:00,2024-04-26 08:40:00,136.226.77.103,1,CA,2024-04-26 08:30:00,8
18239056,1144663,19383719,0.062758895,2024-04-26 08:30:00,2024-04-26 08:40:00,155.91.45.242,1,US,2024-04-26 08:30:00,8
6806,13238,20044,1.945048487,2024-04-26 08:30:00,2024-04-26 08:40:00,165.225.209.4,1,CA,2024-04-26 08:30:00,8
10118,14760,24878,1.458786321,2024-04-26 08:30:00,2024-04-26 08:40:00,147.161.131.1,1,AT,2024-04-26 08:30:00,8
15016,11797,26813,0.785628663,2024-04-26 08:40:00,2024-04-26 08:50:00,136.226.67.101,1,US,2024-04-26 08:40:00,8
1996566,56644,2053210,0.028370713,2024-04-26 08:40:00,2024-04-26 08:50:00,165.225.240.79,1,NL,2024-04-26 08:40:00,8
10578,23450,34028,2.216865192,2024-04-26 08:40:00,2024-04-26 08:50:00,165.225.26.101,1,DE,2024-04-26 08:40:00,8
18125238,1121958,19247196,0.061900318,2024-04-26 08:40:00,2024-04-26 08:50:00,155.91.45.242,1,US,2024-04-26 08:40:00,8
18482,29508,47990,1.596580457,2024-04-26 08:40:00,2024-04-26 08:50:00,165.225.209.4,1,CA,2024-04-26 08:40:00,8
5238,11778,17016,2.248568156,2024-04-26 08:40:00,2024-04-26 08:50:00,147.161.131.1,1,AT,2024-04-26 08:40:00,8
4116,11570,15686,2.810981535,2024-04-26 08:40:00,2024-04-26 08:50:00,136.226.80.97,1,US,2024-04-26 08:40:00,8
4272,11778,16050,2.757022472,2024-04-26 08:50:00,2024-04-26 09:00:00,147.161.161.82,1,AE,2024-04-26 08:50:00,8
31166,25856,57022,0.829622024,2024-04-26 08:50:00,2024-04-26 09:00:00,165.225.33.6,1,US,2024-04-26 08:50:00,8
28830,27096,55926,0.939854318,2024-04-26 08:50:00,2024-04-26 09:00:00,136.226.67.101,1,US,2024-04-26 08:50:00,8
60122,12630,72752,0.210072852,2024-04-26 08:50:00,2024-04-26 09:00:00,136.226.64.114,1,US,2024-04-26 08:50:00,8
3678,11038,14716,3.001087548,2024-04-26 08:50:00,2024-04-26 09:00:00,165.225.240.79,1,NL,2024-04-26 08:50:00,8
36522,18578,55100,0.5086797,2024-04-26 08:50:00,2024-04-26 09:00:00,136.226.77.103,1,CA,2024-04-26 08:50:00,8
13232,17534,30766,1.325120919,2024-04-26 08:50:00,2024-04-26 09:00:00,165.225.26.101,1,DE,2024-04-26 08:50:00,8
18171403,1103358,19274761,0.060719472,2024-04-26 08:50:00,2024-04-26 09:00:00,155.91.45.242,1,US,2024-04-26 08:50:00,8
1147,5151,6298,4.490845684,2024-04-26 08:50:00,2024-04-26 09:00:00,65.49.1.69,1,US,2024-04-26 08:50:00,8
80,44,124,0.55,2024-04-26 08:50:00,2024-04-26 09:00:00,65.49.1.72,0,US,2024-04-26 08:50:00,8
790,444,1234,0.562025316,2024-04-26 08:50:00,2024-04-26 09:00:00,65.49.1.94,0,US,2024-04-26 08:50:00,8
5030,11674,16704,2.320874751,2024-04-26 08:50:00,2024-04-26 09:00:00,147.161.131.1,1,AT,2024-04-26 08:50:00,8
3638,3086,6724,0.848268279,2024-04-26 08:50:00,2024-04-26 09:00:00,136.226.80.97,1,US,2024-04-26 08:50:00,8
4704,11882,16586,2.525935374,2024-04-26 09:10:00,2024-04-26 09:20:00,147.161.161.82,1,AE,2024-04-26 09:10:00,9
16960,19458,36418,1.147287736,2024-04-26 09:10:00,2024-04-26 09:20:00,136.226.67.101,1,US,2024-04-26 09:10:00,9
29314,15444,44758,0.52684724,2024-04-26 09:10:00,2024-04-26 09:20:00,165.225.213.7,1,CA,2024-04-26 09:10:00,9
28244,17860,46104,0.632346693,2024-04-26 09:00:00,2024-04-26 09:10:00,165.225.33.6,1,US,2024-04-26 09:00:00,9
2007229,59926,2067155,0.029855089,2024-04-26 09:10:00,2024-04-26 09:20:00,165.225.240.79,1,NL,2024-04-26 09:10:00,9
18890,30568,49458,1.618210693,2024-04-26 09:00:00,2024-04-26 09:10:00,136.226.67.101,1,US,2024-04-26 09:00:00,9
27970,13366,41336,0.477869146,2024-04-26 09:00:00,2024-04-26 09:10:00,165.225.213.7,1,CA,2024-04-26 09:00:00,9
30596,14488,45084,0.473525951,2024-04-26 09:00:00,2024-04-26 09:10:00,136.226.64.114,1,US,2024-04-26 09:00:00,9
6488,4164,10652,0.641800247,2024-04-26 09:10:00,2024-04-26 09:20:00,136.226.77.103,1,CA,2024-04-26 09:10:00,9
9908,14656,24564,1.47920872,2024-04-26 09:10:00,2024-04-26 09:20:00,165.225.26.101,1,DE,2024-04-26 09:10:00,9
48614,25178,73792,0.51791665,2024-04-26 09:00:00,2024-04-26 09:10:00,136.226.77.103,1,CA,2024-04-26 09:00:00,9
7994,5754,13748,0.719789842,2024-04-26 09:00:00,2024-04-26 09:10:00,165.225.26.101,1,DE,2024-04-26 09:00:00,9
18119202,1132321,19251523,0.062492874,2024-04-26 09:10:00,2024-04-26 09:20:00,155.91.45.242,1,US,2024-04-26 09:10:00,9
3904,19282,23186,4.939036885,2024-04-26 09:00:00,2024-04-26 09:10:00,65.49.1.104,0,US,2024-04-26 09:00:00,9
5736,12114,17850,2.111924686,2024-04-26 09:10:00,2024-04-26 09:20:00,165.225.209.4,1,CA,2024-04-26 09:10:00,9
18187778,1142605,19330383,0.062822682,2024-04-26 09:00:00,2024-04-26 09:10:00,155.91.45.242,1,US,2024-04-26 09:00:00,9
5482,21034,26516,3.836920832,2024-04-26 09:00:00,2024-04-26 09:10:00,65.49.1.97,0,US,2024-04-26 09:00:00,9
1112,430,1542,0.386690647,2024-04-26 09:00:00,2024-04-26 09:10:00,65.49.1.99,0,US,2024-04-26 09:00:00,9
833,4490,5323,5.390156062,2024-04-26 09:00:00,2024-04-26 09:10:00,65.49.1.76,0,US,2024-04-26 09:00:00,9
1674,8980,10654,5.364396655,2024-04-26 09:00:00,2024-04-26 09:10:00,65.49.1.96,0,US,2024-04-26 09:00:00,9
1328,524,1852,0.394578313,2024-04-26 09:00:00,2024-04-26 09:10:00,65.49.1.95,0,US,2024-04-26 09:00:00,9
3534,2982,6516,0.843803056,2024-04-26 09:10:00,2024-04-26 09:20:00,136.226.80.97,1,US,2024-04-26 09:10:00,9
1628,8980,10608,5.515970516,2024-04-26 09:00:00,2024-04-26 09:10:00,65.49.1.74,0,US,2024-04-26 09:00:00,9
5518,12114,17632,2.195360638,2024-04-26 09:00:00,2024-04-26 09:10:00,165.225.209.4,1,CA,2024-04-26 09:00:00,9
3314,14998,18312,4.525648763,2024-04-26 09:00:00,2024-04-26 09:10:00,65.49.1.69,1,US,2024-04-26 09:00:00,9
5342,11674,17016,2.185323849,2024-04-26 09:00:00,2024-04-26 09:10:00,147.161.131.1,1,AT,2024-04-26 09:00:00,9
6486,4458,10944,0.687326549,2024-04-26 09:20:00,2024-04-26 09:30:00,147.161.161.82,1,AE,2024-04-26 09:20:00,9
24506,34772,59278,1.418917816,2024-04-26 09:20:00,2024-04-26 09:30:00,136.226.67.101,1,US,2024-04-26 09:20:00,9
1942449,49030,1991479,0.025241332,2024-04-26 09:20:00,2024-04-26 09:30:00,165.225.240.79,1,NL,2024-04-26 09:20:00,9
3976,11176,15152,2.810865191,2024-04-26 09:20:00,2024-04-26 09:30:00,94.188.248.74,1,IL,2024-04-26 09:20:00,9
10162,23142,33304,2.277307617,2024-04-26 09:20:00,2024-04-26 09:30:00,165.225.26.101,1,DE,2024-04-26 09:20:00,9
18231909,1116695,19348604,0.061249483,2024-04-26 09:20:00,2024-04-26 09:30:00,155.91.45.242,1,US,2024-04-26 09:20:00,9
22070,23511,45581,1.065292252,2024-04-26 09:20:00,2024-04-26 09:30:00,165.225.209.4,1,CA,2024-04-26 09:20:00,9
10222,15024,25246,1.469771082,2024-04-26 09:20:00,2024-04-26 09:30:00,147.161.131.1,1,AT,2024-04-26 09:20:00,9
4392,11674,16066,2.658014572,2024-04-26 09:30:00,2024-04-26 09:40:00,147.161.161.82,1,AE,2024-04-26 09:30:00,9
14150,26266,40416,1.856254417,2024-04-26 09:30:00,2024-04-26 09:40:00,136.226.67.101,1,US,2024-04-26 09:30:00,9
43550,13546,57096,0.311044776,2024-04-26 09:30:00,2024-04-26 09:40:00,136.226.64.114,1,US,2024-04-26 09:30:00,9
7474,14080,21554,1.883864062,2024-04-26 09:30:00,2024-04-26 09:40:00,94.188.248.74,1,IL,2024-04-26 09:30:00,9
1248666,38254,1286920,0.030635895,2024-04-26 09:30:00,2024-04-26 09:40:00,165.225.240.79,1,NL,2024-04-26 09:30:00,9
9908,14552,24460,1.468712152,2024-04-26 09:30:00,2024-04-26 09:40:00,165.225.26.101,1,DE,2024-04-26 09:30:00,9
24326941,1529035,25855976,0.062853566,2024-04-26 09:30:00,2024-04-26 09:40:00,155.91.45.242,1,US,2024-04-26 09:30:00,9
28062,52066,80128,1.855391633,2024-04-26 09:30:00,2024-04-26 09:40:00,165.225.209.4,1,CA,2024-04-26 09:30:00,9
8928,5548,14476,0.621415771,2024-04-26 09:30:00,2024-04-26 09:40:00,147.161.131.1,1,AT,2024-04-26 09:30:00,9
5348,4296,9644,0.80329095,2024-04-26 09:40:00,2024-04-26 09:50:00,147.161.161.82,1,AE,2024-04-26 09:40:00,9
8052,13298,21350,1.651515152,2024-04-26 09:40:00,2024-04-26 09:50:00,165.225.33.6,1,US,2024-04-26 09:40:00,9
38524,42218,80742,1.095888277,2024-04-26 09:40:00,2024-04-26 09:50:00,136.226.67.101,1,US,2024-04-26 09:40:00,9
28400,13364,41764,0.47056338,2024-04-26 09:40:00,2024-04-26 09:50:00,165.225.212.255,1,CA,2024-04-26 09:40:00,9
2021960,78684,2100644,0.038914716,2024-04-26 09:40:00,2024-04-26 09:50:00,165.225.240.79,1,NL,2024-04-26 09:40:00,9
7382,4370,11752,0.591980493,2024-04-26 09:40:00,2024-04-26 09:50:00,136.226.77.103,1,CA,2024-04-26 09:40:00,9
9232,23036,32268,2.495233969,2024-04-26 09:40:00,2024-04-26 09:50:00,165.225.26.101,1,DE,2024-04-26 09:40:00,9
25199191,1557598,26756789,0.061811429,2024-04-26 09:40:00,2024-04-26 09:50:00,155.91.45.242,1,US,2024-04-26 09:40:00,9
6216,13027,19243,2.095720721,2024-04-26 09:40:00,2024-04-26 09:50:00,165.225.209.4,1,CA,2024-04-26 09:40:00,9
3996,11674,15670,2.921421421,2024-04-26 09:40:00,2024-04-26 09:50:00,147.161.131.1,1,AT,2024-04-26 09:40:00,9
4324,11778,16102,2.72386679,2024-04-26 09:40:00,2024-04-26 09:50:00,136.226.80.97,1,US,2024-04-26 09:40:00,9
21752,22356,44108,1.027767562,2024-04-26 09:50:00,2024-04-26 10:00:00,136.226.67.101,1,US,2024-04-26 09:50:00,9
28988,15340,44328,0.52918449,2024-04-26 09:50:00,2024-04-26 10:00:00,165.225.213.7,1,CA,2024-04-26 09:50:00,9
30450,14276,44726,0.468834154,2024-04-26 09:50:00,2024-04-26 10:00:00,136.226.64.114,1,US,2024-04-26 09:50:00,9
3976,11178,15154,2.811368209,2024-04-26 09:50:00,2024-04-26 10:00:00,94.188.248.74,1,IL,2024-04-26 09:50:00,9
3782,11038,14820,2.918561608,2024-04-26 09:50:00,2024-04-26 10:00:00,165.225.240.79,1,NL,2024-04-26 09:50:00,9
40,264,304,6.6,2024-04-26 09:50:00,2024-04-26 10:00:00,192.241.205.18,0,US,2024-04-26 09:50:00,9
41336,13180,54516,0.318850397,2024-04-26 09:50:00,2024-04-26 10:00:00,136.226.77.103,1,CA,2024-04-26 09:50:00,9
3638,3190,6828,0.876855415,2024-04-26 09:50:00,2024-04-26 10:00:00,165.225.26.101,1,DE,2024-04-26 09:50:00,9
25207794,1561220,26769014,0.061934019,2024-04-26 09:50:00,2024-04-26 10:00:00,155.91.45.242,1,US,2024-04-26 09:50:00,9
5736,12114,17850,2.111924686,2024-04-26 09:50:00,2024-04-26 10:00:00,165.225.209.4,1,CA,2024-04-26 09:50:00,9
9032,5862,14894,0.649025686,2024-04-26 09:50:00,2024-04-26 10:00:00,147.161.131.1,1,AT,2024-04-26 09:50:00,9
